"#","Reference","Value","Footprint","Qty","Manufacturer_Name","Manufacturer_Part_Number"
"1","C1,C3,C4,C5,C7,C10,C11,C13,C15,C17,C18,C19,C20,C21,C22,C23,C24,C25,C26,C33,C34","100nF","Capacitor_SMD:C_0805_2012Metric_Pad1.18x1.45mm_HandSolder","21","",""
"2","C2,C6,C9,C14,C27,C28,C29,C30,C39,C40,C41,C42,C43,C44","10uF","Capacitor_SMD:C_0805_2012Metric_Pad1.18x1.45mm_HandSolder","14","",""
"3","C8","1uF","Capacitor_SMD:C_0805_2012Metric_Pad1.18x1.45mm_HandSolder","1","",""
"4","C12,C16","100uF","Capacitor_SMD:C_0805_2012Metric_Pad1.18x1.45mm_HandSolder","2","",""
"5","C31,C32","33nF","Capacitor_SMD:C_0805_2012Metric_Pad1.18x1.45mm_HandSolder","2","",""
"6","C35,C36,C37,C38,C51,C52,C53,C54,C55,C56","22uF","Capacitor_SMD:C_0805_2012Metric_Pad1.18x1.45mm_HandSolder","10","",""
"7","C45,C46,C47","0u1F","Capacitor_SMD:C_0805_2012Metric_Pad1.18x1.45mm_HandSolder","3","",""
"8","C48,C49,C50","100pF","Capacitor_SMD:C_0805_2012Metric_Pad1.18x1.45mm_HandSolder","3","",""
"9","D1,D2,D4","LED","Diode_SMD:D_0805_2012Metric_Pad1.15x1.40mm_HandSolder","3","",""
"10","D3","100V","Diode_SMD:D_SMA","1","",""
"11","H1,H2,H3,H4","MountingHole_Pad","MountingHole:MountingHole_3.2mm_M3_DIN965_Pad_TopBottom","4","",""
"12","J1","TYPE-C-31-M-12","Footprints:HRO_TYPE-C-31-M-12","1","",""
"13","J2","BME680","Connector_JST:JST_EH_B7B-EH-A_1x07_P2.50mm_Vertical","1","",""
"14","J3","GPIO","Connector_PinHeader_2.54mm:PinHeader_1x05_P2.54mm_Vertical","1","",""
"15","J4","PW_5V","Connector_PinSocket_2.54mm:PinSocket_1x02_P2.54mm_Vertical","1","",""
"16","J5","PW_3V3","Connector_PinSocket_2.54mm:PinSocket_1x02_P2.54mm_Vertical","1","",""
"17","J6","Micro_SD_Card_Det_Hirose_DM3AT","Connector_Card:microSD_HC_Hirose_DM3D-SF","1","",""
"18","J7","Stepper_1","Connector_JST:JST_XH_B4B-XH-A_1x04_P2.50mm_Vertical","1","",""
"19","J8","Stepper_2","Connector_JST:JST_XH_B4B-XH-A_1x04_P2.50mm_Vertical","1","",""
"20","J9","SPI","Connector_PinHeader_2.54mm:PinHeader_1x03_P2.54mm_Vertical","1","",""
"21","J10","I2C","Connector_PinHeader_2.54mm:PinHeader_1x02_P2.54mm_Vertical","1","",""
"22","J11","Servo 0","Connector_PinHeader_2.54mm:PinHeader_1x03_P2.54mm_Vertical","1","",""
"23","J12","Servo 1","Connector_PinHeader_2.54mm:PinHeader_1x03_P2.54mm_Vertical","1","",""
"24","J13,J14","PW_IO_bak","TerminalBlock:TerminalBlock_MaiXu_MX126-5.0-02P_1x02_P5.00mm","2","",""
"25","J15","Servo 4","Connector_PinHeader_2.54mm:PinHeader_1x03_P2.54mm_Vertical","1","",""
"26","J16","Servo 5","Connector_PinHeader_2.54mm:PinHeader_1x03_P2.54mm_Vertical","1","",""
"27","J17","Servo 2","Connector_PinHeader_2.54mm:PinHeader_1x03_P2.54mm_Vertical","1","",""
"28","J18","Servo 3","Connector_PinHeader_2.54mm:PinHeader_1x03_P2.54mm_Vertical","1","",""
"29","J19","Servo 6","Connector_PinHeader_2.54mm:PinHeader_1x03_P2.54mm_Vertical","1","",""
"30","J20","Servo 7","Connector_PinHeader_2.54mm:PinHeader_1x03_P2.54mm_Vertical","1","",""
"31","L1","2u4H","Inductor_SMD:L_APV_ANR3015","1","",""
"32","L2,L3,L4","3u3H","Inductor_SMD:L_APV_APH0850","3","",""
"33","L5","4u3H","Inductor_SMD:L_APV_APH0650","1","",""
"34","P1,P2","TMC2209_Socket","custom:TMC2209_Socket","2","",""
"35","Q1,Q2","AON7262E","AON7262E","2","Alpha & Omega Semiconductors","AON7262E"
"36","R1,R2,R3,R4,R10,R12,R13,R14,R15,R16,R17,R18,R19,R20,R21,R22,R31,R32,R34,R35,R36,R37,R38,R39,R40,R42,R44,R50,R53,R56","10k","Resistor_SMD:R_0805_2012Metric_Pad1.20x1.40mm_HandSolder","30","",""
"37","R5","1k","Resistor_SMD:R_0805_2012Metric_Pad1.20x1.40mm_HandSolder","1","",""
"38","R6,R7,R8,R9","5k1","Resistor_SMD:R_0805_2012Metric_Pad1.20x1.40mm_HandSolder","4","",""
"39","R11","10m","Resistor_SMD:R_0805_2012Metric_Pad1.20x1.40mm_HandSolder","1","",""
"40","R23,R24,R25,R26,R27,R28,R29,R30","220","Resistor_SMD:R_0805_2012Metric_Pad1.20x1.40mm_HandSolder","8","",""
"41","R33","15","Resistor_SMD:R_0805_2012Metric_Pad1.20x1.40mm_HandSolder","1","",""
"42","R41","31k6","Resistor_SMD:R_0805_2012Metric_Pad1.20x1.40mm_HandSolder","1","",""
"43","R43","52k3","Resistor_SMD:R_0805_2012Metric_Pad1.20x1.40mm_HandSolder","1","",""
"44","R45,R46,R47","20k","Resistor_SMD:R_0805_2012Metric_Pad1.20x1.40mm_HandSolder","3","",""
"45","R48,R51,R54","49k9","Resistor_SMD:R_0805_2012Metric_Pad1.20x1.40mm_HandSolder","3","",""
"46","R49,R52","73k2","Resistor_SMD:R_0805_2012Metric_Pad1.20x1.40mm_HandSolder","2","",""
"47","R55","100k","Resistor_SMD:R_0805_2012Metric_Pad1.20x1.40mm_HandSolder","1","",""
"48","SW1,SW2","SW_Push","Button_Switch_SMD:SW_SPST_PTS810","2","",""
"49","TH1","NTC-10k","Resistor_SMD:R_0805_2012Metric_Pad1.20x1.40mm_HandSolder","1","",""
"50","U1","ESP32-S3-WROOM-1","RF_Module:ESP32-S3-WROOM-1","1","",""
"51","U2","~","custom:AP33772","1","",""
"52","U3","TPD4E05U06DQA","Package_SON:USON-10_2.5x1.0mm_P0.5mm","1","",""
"53","U4","TXS0108EPW","Package_SO:TSSOP-20_4.4x6.5mm_P0.65mm","1","",""
"54","U5","PCA9685BS","Package_DFN_QFN:QFN-28-1EP_6x6mm_P0.65mm_EP4.25x4.25mm","1","",""
"55","U6,U7","TPS62933","Package_TO_SOT_SMD:SOT-583-8","2","",""
"56","U8,U9,U10","TPS56637RPAR","Footprints:CONV_TPS56637RPAR","3","",""
